0,1_001_1_01.png,1_001_1_02.png,1
1,1_001_1_03.png,1_001_1_04.png,1
2,1_001_1_05.png,1_001_2_06.png,1
3,1_001_2_07.png,1_001_2_08.png,1
4,1_001_2_09.png,1_001_2_10.png,1
1,1_001_1_01.png,1_002_1_02.png,0
1,1_001_1_01.png,1_003_1_02.png,0
1,1_001_1_01.png,1_004_1_03.png,0
1,1_001_1_01.png,1_005_1_03.png,0
5,1_002_1_01.png,1_002_1_02.png,1
6,1_002_1_03.png,1_002_1_04.png,1
7,1_002_1_05.png,1_002_2_06.png,1
8,1_002_2_07.png,1_002_2_08.png,1
9,1_002_2_09.png,1_002_2_10.png,1
1,1_002_1_01.png,1_001_1_02.png,0
1,1_002_1_01.png,1_003_1_02.png,0
1,1_002_1_01.png,1_004_1_03.png,0
1,1_002_1_01.png,1_005_1_03.png,0
10,1_003_1_01.png,1_003_1_02.png,1
11,1_003_1_03.png,1_003_1_04.png,1
12,1_003_2_06.png,1_003_2_07.png,1
13,1_003_2_08.png,1_003_2_09.png,1
14,1_003_2_10.png,1_004_1_01.png,0
1,1_003_1_01.png,1_001_1_02.png,0
1,1_003_1_01.png,1_002_1_02.png,0
1,1_003_1_01.png,1_004_1_03.png,0
1,1_003_1_01.png,1_005_1_03.png,0
15,1_004_1_02.png,1_004_1_03.png,1
16,1_004_1_04.png,1_004_1_05.png,1
17,1_004_2_06.png,1_004_2_07.png,1
18,1_004_2_08.png,1_005_1_01.png,0
1,1_004_1_02.png,1_001_1_02.png,0
1,1_004_1_02.png,1_002_1_02.png,0
1,1_004_1_02.png,1_003_1_02.png,0
1,1_004_1_02.png,1_005_1_03.png,0
19,1_005_1_02.png,1_005_1_03.png,1
20,1_005_1_04.png,1_005_1_05.png,1
21,1_005_2_06.png,1_005_2_07.png,1
22,1_005_2_08.png,1_005_2_09.png,1
23,1_005_2_10.png,1_006_1_01.png,0
1,1_005_1_02.png,1_001_1_02.png,0
1,1_005_1_02.png,1_002_1_02.png,0
1,1_005_1_02.png,1_003_1_02.png,0
1,1_005_1_02.png,1_004_1_03.png,0
24,1_006_1_02.png,1_006_1_03.png,1
25,1_006_1_04.png,1_006_1_05.png,1
26,1_006_2_06.png,1_006_2_07.png,1
27,1_006_2_08.png,1_006_2_09.png,1
28,1_006_2_10.png,1_007_1_01.png,0
1,1_006_1_02.png,1_001_1_02.png,0
1,1_006_1_02.png,1_002_1_02.png,0
1,1_006_1_02.png,1_003_1_02.png,0
1,1_006_1_02.png,1_004_1_03.png,0
29,1_007_1_02.png,1_007_1_03.png,1
30,1_007_1_04.png,1_007_1_05.png,1
31,1_007_2_06.png,1_007_2_07.png,1
32,1_007_2_08.png,1_007_2_09.png,1
33,1_007_2_10.png,1_008_1_01.png,0
1,1_007_1_02.png,1_001_1_02.png,0
1,1_007_1_02.png,1_002_1_02.png,0
1,1_007_1_02.png,1_003_1_02.png,0
1,1_007_1_02.png,1_004_1_03.png,0
34,1_008_1_02.png,1_008_1_03.png,1
35,1_008_1_04.png,1_008_1_05.png,1
36,1_008_2_06.png,1_008_2_07.png,1
37,1_008_2_08.png,1_008_2_09.png,1
38,1_008_2_10.png,1_009_1_01.png,0
1,1_008_1_02.png,1_001_1_02.png,0
1,1_008_1_02.png,1_002_1_02.png,0
1,1_008_1_02.png,1_003_1_02.png,0
1,1_008_1_02.png,1_004_1_03.png,0
39,1_009_1_02.png,1_009_1_03.png,1
40,1_009_1_04.png,1_009_1_05.png,1
41,1_009_2_06.png,1_009_2_07.png,1
42,1_009_2_08.png,1_009_2_09.png,1
43,1_009_2_10.png,1_010_1_01.png,0
1,1_009_1_02.png,1_001_1_02.png,0
1,1_009_1_02.png,1_002_1_02.png,0
1,1_009_1_02.png,1_003_1_02.png,0
1,1_009_1_02.png,1_004_1_03.png,0
44,1_010_1_02.png,1_010_1_03.png,1
45,1_010_1_04.png,1_010_1_05.png,1
46,1_010_2_06.png,1_010_2_07.png,1
47,1_010_2_08.png,1_010_2_09.png,1
48,1_010_2_10.png,1_011_1_01.png,0
1,1_010_1_02.png,1_001_1_02.png,0
1,1_010_1_02.png,1_002_1_02.png,0
1,1_010_1_02.png,1_003_1_02.png,0
1,1_010_1_02.png,1_004_1_03.png,0
49,1_011_1_02.png,1_011_1_03.png,1
50,1_011_1_04.png,1_011_2_06.png,1
51,1_011_2_07.png,1_011_2_08.png,1
52,1_011_2_09.png,1_011_2_10.png,1
1,1_011_1_02.png,1_001_1_02.png,0
1,1_011_1_02.png,1_002_1_02.png,0
1,1_011_1_02.png,1_003_1_02.png,0
1,1_011_1_02.png,1_004_1_03.png,0
53,1_012_1_01.png,1_012_1_02.png,1
54,1_012_1_03.png,1_012_1_04.png,1
55,1_012_1_05.png,1_012_2_06.png,1
56,1_012_2_07.png,1_012_2_08.png,1
57,1_012_2_09.png,1_012_2_10.png,1
1,1_012_1_01.png,1_001_1_02.png,0
1,1_012_1_01.png,1_002_1_02.png,0
1,1_012_1_01.png,1_003_1_02.png,0
1,1_012_1_01.png,1_004_1_03.png,0
58,1_013_1_01.png,1_013_1_02.png,1
59,1_013_1_03.png,1_013_1_04.png,1
60,1_013_1_05.png,1_013_2_06.png,1
61,1_013_2_07.png,1_013_2_08.png,1
62,1_013_2_09.png,1_013_2_10.png,1
1,1_013_1_01.png,1_001_1_02.png,0
1,1_013_1_01.png,1_002_1_02.png,0
1,1_013_1_01.png,1_003_1_02.png,0
1,1_013_1_01.png,1_004_1_03.png,0
63,1_014_1_01.png,1_014_1_02.png,1
64,1_014_1_03.png,1_014_1_04.png,1
65,1_014_1_05.png,1_014_2_06.png,1
66,1_014_2_07.png,1_014_2_08.png,1
67,1_014_2_09.png,1_015_1_01.png,0
1,1_014_1_01.png,1_001_1_02.png,0
1,1_014_1_01.png,1_002_1_02.png,0
1,1_014_1_01.png,1_003_1_02.png,0
1,1_014_1_01.png,1_004_1_03.png,0
68,1_015_1_02.png,1_015_1_03.png,1
69,1_015_1_04.png,1_015_2_06.png,1
70,1_015_2_07.png,1_015_2_08.png,1
71,1_015_2_09.png,1_015_2_10.png,1
1,1_015_1_02.png,1_001_1_02.png,0
1,1_015_1_02.png,1_002_1_02.png,0
1,1_015_1_02.png,1_003_1_02.png,0
1,1_015_1_02.png,1_004_1_03.png,0
72,1_016_1_01.png,1_016_1_02.png,1
73,1_016_1_03.png,1_016_1_04.png,1
74,1_016_1_05.png,1_016_2_06.png,1
1,1_016_1_01.png,1_001_1_02.png,0
1,1_016_1_01.png,1_002_1_02.png,0
1,1_016_1_01.png,1_003_1_02.png,0
1,1_016_1_01.png,1_004_1_03.png,0
75,1_017_1_01.png,1_017_1_02.png,1
76,1_017_1_03.png,1_017_1_04.png,1
77,1_017_1_05.png,1_017_2_06.png,1
78,1_017_2_07.png,1_017_2_08.png,1
79,1_017_2_09.png,1_017_2_10.png,1
1,1_017_1_01.png,1_001_1_02.png,0
1,1_017_1_01.png,1_002_1_02.png,0
1,1_017_1_01.png,1_003_1_02.png,0
1,1_017_1_01.png,1_004_1_03.png,0
80,1_018_1_01.png,1_018_1_02.png,1
81,1_018_1_03.png,1_018_1_04.png,1
82,1_018_1_05.png,1_018_2_06.png,1
83,1_018_2_07.png,1_018_2_08.png,1
84,1_018_2_09.png,1_018_2_10.png,1
1,1_018_1_01.png,1_001_1_02.png,0
1,1_018_1_01.png,1_002_1_02.png,0
1,1_018_1_01.png,1_003_1_02.png,0
1,1_018_1_01.png,1_004_1_03.png,0
85,1_019_1_01.png,1_019_1_02.png,1
86,1_019_1_03.png,1_019_1_04.png,1
87,1_019_1_05.png,1_019_2_06.png,1
88,1_019_2_07.png,1_019_2_08.png,1
89,1_019_2_09.png,1_019_2_10.png,1
1,1_019_1_01.png,1_001_1_02.png,0
1,1_019_1_01.png,1_002_1_02.png,0
1,1_019_1_01.png,1_003_1_02.png,0
1,1_019_1_01.png,1_004_1_03.png,0
90,1_020_1_01.png,1_020_1_02.png,1
91,1_020_1_03.png,1_020_1_04.png,1
92,1_020_1_05.png,1_020_2_06.png,1
93,1_020_2_07.png,1_020_2_08.png,1
94,1_020_2_09.png,1_020_2_10.png,1
1,1_020_1_01.png,1_001_1_02.png,0
1,1_020_1_01.png,1_002_1_02.png,0
1,1_020_1_01.png,1_003_1_02.png,0
1,1_020_1_01.png,1_004_1_03.png,0
95,1_021_1_01.png,1_021_1_02.png,1
96,1_021_1_03.png,1_021_1_04.png,1
97,1_021_1_05.png,1_021_2_06.png,1
98,1_021_2_07.png,1_021_2_08.png,1
99,1_021_2_09.png,1_021_2_10.png,1
1,1_021_1_01.png,1_001_1_02.png,0
1,1_021_1_01.png,1_002_1_02.png,0
1,1_021_1_01.png,1_003_1_02.png,0
1,1_021_1_01.png,1_004_1_03.png,0
100,1_022_1_01.png,1_022_1_02.png,1
101,1_022_1_03.png,1_022_1_04.png,1
102,1_022_2_06.png,1_022_2_07.png,1
103,1_022_2_08.png,1_022_2_09.png,1
104,1_022_2_10.png,1_023_1_01.png,0
1,1_022_1_01.png,1_001_1_02.png,0
1,1_022_1_01.png,1_002_1_02.png,0
1,1_022_1_01.png,1_003_1_02.png,0
1,1_022_1_01.png,1_004_1_03.png,0
105,1_023_1_02.png,1_023_1_03.png,1
106,1_023_1_04.png,1_023_1_05.png,1
107,1_023_2_06.png,1_023_2_07.png,1
108,1_023_2_08.png,1_023_2_09.png,1
109,1_023_2_10.png,1_024_1_01.png,0
1,1_023_1_02.png,1_001_1_02.png,0
1,1_023_1_02.png,1_002_1_02.png,0
1,1_023_1_02.png,1_003_1_02.png,0
1,1_023_1_02.png,1_004_1_03.png,0
110,1_024_2_06.png,1_024_2_07.png,1
111,1_024_2_08.png,1_024_2_09.png,1
112,1_024_2_10.png,1_025_1_01.png,0
1,1_024_2_06.png,1_001_1_02.png,0
1,1_024_2_06.png,1_002_1_02.png,0
1,1_024_2_06.png,1_003_1_02.png,0
1,1_024_2_06.png,1_004_1_03.png,0
113,1_025_1_02.png,1_025_1_03.png,1
114,1_025_1_04.png,1_025_1_05.png,1
115,1_025_2_06.png,1_025_2_07.png,1
116,1_025_2_08.png,1_025_2_09.png,1
117,1_025_2_10.png,1_026_1_01.png,0
1,1_025_1_02.png,1_001_1_02.png,0
1,1_025_1_02.png,1_002_1_02.png,0
1,1_025_1_02.png,1_003_1_02.png,0
1,1_025_1_02.png,1_004_1_03.png,0
118,1_026_1_02.png,1_026_1_03.png,1
119,1_026_1_04.png,1_026_2_06.png,1
120,1_026_2_07.png,1_026_2_08.png,1
121,1_026_2_09.png,1_026_2_10.png,1
1,1_026_1_02.png,1_001_1_02.png,0
1,1_026_1_02.png,1_002_1_02.png,0
1,1_026_1_02.png,1_003_1_02.png,0
1,1_026_1_02.png,1_004_1_03.png,0
122,1_027_1_01.png,1_027_1_02.png,1
123,1_027_1_03.png,1_027_1_04.png,1
124,1_027_1_05.png,1_027_2_06.png,1
125,1_027_2_07.png,1_027_2_08.png,1
126,1_027_2_09.png,1_027_2_10.png,1
1,1_027_1_01.png,1_001_1_02.png,0
1,1_027_1_01.png,1_002_1_02.png,0
1,1_027_1_01.png,1_003_1_02.png,0
1,1_027_1_01.png,1_004_1_03.png,0
127,1_028_1_01.png,1_028_1_02.png,1
128,1_028_1_03.png,1_028_1_04.png,1
129,1_028_1_05.png,1_028_2_06.png,1
130,1_028_2_07.png,1_028_2_08.png,1
131,1_028_2_09.png,1_028_2_10.png,1
1,1_028_1_01.png,1_001_1_02.png,0
1,1_028_1_01.png,1_002_1_02.png,0
1,1_028_1_01.png,1_003_1_02.png,0
1,1_028_1_01.png,1_004_1_03.png,0
132,1_029_1_01.png,1_029_1_02.png,1
133,1_029_1_03.png,1_029_1_04.png,1
134,1_029_1_05.png,1_029_2_06.png,1
135,1_029_2_07.png,1_029_2_08.png,1
1,1_029_1_01.png,1_001_1_02.png,0
1,1_029_1_01.png,1_002_1_02.png,0
1,1_029_1_01.png,1_003_1_02.png,0
1,1_029_1_01.png,1_004_1_03.png,0
136,1_030_1_01.png,1_030_1_02.png,1
137,1_030_1_03.png,1_030_1_04.png,1
138,1_030_1_05.png,1_030_2_06.png,1
139,1_030_2_07.png,1_030_2_08.png,1
140,1_030_2_09.png,1_030_2_10.png,1
1,1_030_1_01.png,1_001_1_02.png,0
1,1_030_1_01.png,1_002_1_02.png,0
1,1_030_1_01.png,1_003_1_02.png,0
1,1_030_1_01.png,1_004_1_03.png,0
141,1_031_1_01.png,1_031_1_02.png,1
142,1_031_1_03.png,1_031_1_04.png,1
143,1_031_1_05.png,1_031_2_06.png,1
144,1_031_2_07.png,1_031_2_08.png,1
145,1_031_2_09.png,1_031_2_10.png,1
1,1_031_1_01.png,1_001_1_02.png,0
1,1_031_1_01.png,1_002_1_02.png,0
1,1_031_1_01.png,1_003_1_02.png,0
1,1_031_1_01.png,1_004_1_03.png,0
146,1_032_1_01.png,1_032_1_02.png,1
147,1_032_1_03.png,1_032_1_04.png,1
148,1_032_1_05.png,1_032_2_06.png,1
149,1_032_2_07.png,1_032_2_08.png,1
150,1_032_2_09.png,1_032_2_10.png,1
1,1_032_1_01.png,1_001_1_02.png,0
1,1_032_1_01.png,1_002_1_02.png,0
1,1_032_1_01.png,1_003_1_02.png,0
1,1_032_1_01.png,1_004_1_03.png,0
151,1_033_1_01.png,1_033_1_02.png,1
152,1_033_1_03.png,1_033_1_04.png,1
153,1_033_1_05.png,1_033_2_06.png,1
154,1_033_2_07.png,1_033_2_08.png,1
155,1_033_2_09.png,1_033_2_10.png,1
1,1_033_1_01.png,1_001_1_02.png,0
1,1_033_1_01.png,1_002_1_02.png,0
1,1_033_1_01.png,1_003_1_02.png,0
1,1_033_1_01.png,1_004_1_03.png,0
156,1_034_1_01.png,1_034_1_02.png,1
157,1_034_1_03.png,1_034_1_04.png,1
158,1_034_2_06.png,1_034_2_07.png,1
159,1_034_2_08.png,1_034_2_09.png,1
160,1_034_2_10.png,1_035_1_01.png,0
1,1_034_1_01.png,1_001_1_02.png,0
1,1_034_1_01.png,1_002_1_02.png,0
1,1_034_1_01.png,1_003_1_02.png,0
1,1_034_1_01.png,1_004_1_03.png,0
161,1_035_1_02.png,1_035_1_03.png,1
162,1_035_1_04.png,1_035_1_05.png,1
163,1_035_2_06.png,1_035_2_07.png,1
164,1_035_2_08.png,1_035_2_09.png,1
165,1_035_2_10.png,1_036_1_01.png,0
1,1_035_1_02.png,1_001_1_02.png,0
1,1_035_1_02.png,1_002_1_02.png,0
1,1_035_1_02.png,1_003_1_02.png,0
1,1_035_1_02.png,1_004_1_03.png,0
166,1_036_1_02.png,1_036_1_03.png,1
167,1_036_1_04.png,1_036_1_05.png,1
168,1_036_2_06.png,1_036_2_07.png,1
169,1_036_2_08.png,1_036_2_09.png,1
170,1_036_2_10.png,1_037_1_01.png,0
1,1_036_1_02.png,1_001_1_02.png,0
1,1_036_1_02.png,1_002_1_02.png,0
1,1_036_1_02.png,1_003_1_02.png,0
1,1_036_1_02.png,1_004_1_03.png,0
171,1_037_1_02.png,1_037_1_03.png,1
172,1_037_1_04.png,1_037_1_05.png,1
173,1_037_2_06.png,1_037_2_07.png,1
174,1_037_2_08.png,1_037_2_09.png,1
175,1_037_2_10.png,1_038_1_01.png,0
1,1_037_1_02.png,1_001_1_02.png,0
1,1_037_1_02.png,1_002_1_02.png,0
1,1_037_1_02.png,1_003_1_02.png,0
1,1_037_1_02.png,1_004_1_03.png,0
176,1_038_1_02.png,1_038_1_03.png,1
177,1_038_1_04.png,1_038_1_05.png,1
178,1_038_2_06.png,1_038_2_07.png,1
179,1_038_2_08.png,1_038_2_09.png,1
180,1_038_2_10.png,1_039_1_01.png,0
1,1_038_1_02.png,1_001_1_02.png,0
1,1_038_1_02.png,1_002_1_02.png,0
1,1_038_1_02.png,1_003_1_02.png,0
1,1_038_1_02.png,1_004_1_03.png,0
181,1_039_1_02.png,1_039_1_03.png,1
182,1_039_1_04.png,1_039_1_05.png,1
183,1_039_2_06.png,1_039_2_07.png,1
184,1_039_2_08.png,1_039_2_09.png,1
185,1_039_2_10.png,1_040_1_01.png,0
1,1_039_1_02.png,1_001_1_02.png,0
1,1_039_1_02.png,1_002_1_02.png,0
1,1_039_1_02.png,1_003_1_02.png,0
1,1_039_1_02.png,1_004_1_03.png,0
186,1_040_1_02.png,1_040_1_03.png,1
187,1_040_1_04.png,1_040_2_06.png,1
188,1_040_2_07.png,1_040_2_08.png,1
189,1_040_2_09.png,1_040_2_10.png,1
1,1_040_1_02.png,1_001_1_02.png,0
1,1_040_1_02.png,1_002_1_02.png,0
1,1_040_1_02.png,1_003_1_02.png,0
1,1_040_1_02.png,1_004_1_03.png,0
190,1_041_1_01.png,1_041_1_02.png,1
191,1_041_1_03.png,1_041_1_04.png,1
192,1_041_1_05.png,1_041_2_06.png,1
193,1_041_2_07.png,1_041_2_08.png,1
194,1_041_2_09.png,1_041_2_10.png,1
1,1_041_1_01.png,1_001_1_02.png,0
1,1_041_1_01.png,1_002_1_02.png,0
1,1_041_1_01.png,1_003_1_02.png,0
1,1_041_1_01.png,1_004_1_03.png,0
195,1_042_1_01.png,1_042_1_02.png,1
196,1_042_1_03.png,1_042_1_04.png,1
197,1_042_1_05.png,1_042_2_06.png,1
198,1_042_2_07.png,1_042_2_08.png,1
199,1_042_2_09.png,1_042_2_10.png,1
1,1_042_1_01.png,1_001_1_02.png,0
1,1_042_1_01.png,1_002_1_02.png,0
1,1_042_1_01.png,1_003_1_02.png,0
1,1_042_1_01.png,1_004_1_03.png,0
200,1_043_1_01.png,1_043_1_02.png,1
201,1_043_1_03.png,1_043_1_04.png,1
202,1_043_1_05.png,1_043_2_06.png,1
203,1_043_2_07.png,1_043_2_08.png,1
204,1_043_2_09.png,1_043_2_10.png,1
1,1_043_1_01.png,1_001_1_02.png,0
1,1_043_1_01.png,1_002_1_02.png,0
1,1_043_1_01.png,1_003_1_02.png,0
1,1_043_1_01.png,1_004_1_03.png,0
205,1_044_1_01.png,1_044_1_02.png,1
206,1_044_1_03.png,1_044_1_04.png,1
207,1_044_1_05.png,1_044_2_06.png,1
208,1_044_2_07.png,1_044_2_08.png,1
209,1_044_2_09.png,1_044_2_10.png,1
1,1_044_1_01.png,1_001_1_02.png,0
1,1_044_1_01.png,1_002_1_02.png,0
1,1_044_1_01.png,1_003_1_02.png,0
1,1_044_1_01.png,1_004_1_03.png,0
210,1_045_1_01.png,1_045_1_02.png,1
211,1_045_1_03.png,1_045_1_04.png,1
212,1_045_1_05.png,1_045_2_06.png,1
213,1_045_2_07.png,1_045_2_08.png,1
214,1_045_2_09.png,1_045_2_10.png,1
1,1_045_1_01.png,1_001_1_02.png,0
1,1_045_1_01.png,1_002_1_02.png,0
1,1_045_1_01.png,1_003_1_02.png,0
1,1_045_1_01.png,1_004_1_03.png,0
215,1_046_1_01.png,1_046_1_02.png,1
216,1_046_1_03.png,1_046_1_04.png,1
217,1_046_1_05.png,1_046_2_06.png,1
218,1_046_2_07.png,1_046_2_08.png,1
219,1_046_2_09.png,1_046_2_10.png,1
1,1_046_1_01.png,1_001_1_02.png,0
1,1_046_1_01.png,1_002_1_02.png,0
1,1_046_1_01.png,1_003_1_02.png,0
1,1_046_1_01.png,1_004_1_03.png,0
220,1_047_1_01.png,1_047_1_02.png,1
221,1_047_1_03.png,1_047_1_04.png,1
222,1_047_1_05.png,1_047_2_06.png,1
223,1_047_2_07.png,1_047_2_08.png,1
224,1_047_2_09.png,1_047_2_10.png,1
1,1_047_1_01.png,1_001_1_02.png,0
1,1_047_1_01.png,1_002_1_02.png,0
1,1_047_1_01.png,1_003_1_02.png,0
1,1_047_1_01.png,1_004_1_03.png,0
225,1_048_1_01.png,1_048_1_02.png,1
226,1_048_1_03.png,1_048_1_04.png,1
227,1_048_1_05.png,1_048_2_06.png,1
228,1_048_2_07.png,1_048_2_08.png,1
229,1_048_2_09.png,1_048_2_10.png,1
1,1_048_1_01.png,1_001_1_02.png,0
1,1_048_1_01.png,1_002_1_02.png,0
1,1_048_1_01.png,1_003_1_02.png,0
1,1_048_1_01.png,1_004_1_03.png,0
230,1_049_1_01.png,1_049_1_02.png,1
231,1_049_1_03.png,1_049_2_06.png,1
232,1_049_2_07.png,1_049_2_08.png,1
233,1_049_2_09.png,1_049_2_10.png,1
1,1_049_1_01.png,1_001_1_02.png,0
1,1_049_1_01.png,1_002_1_02.png,0
1,1_049_1_01.png,1_003_1_02.png,0
1,1_049_1_01.png,1_004_1_03.png,0
234,1_050_1_01.png,1_050_1_02.png,1
235,1_050_1_03.png,1_050_1_04.png,1
236,1_050_2_06.png,1_050_2_07.png,1
237,1_050_2_08.png,1_050_2_09.png,1
238,1_050_2_10.png,1_051_1_01.png,0
1,1_050_1_01.png,1_001_1_02.png,0
1,1_050_1_01.png,1_002_1_02.png,0
1,1_050_1_01.png,1_003_1_02.png,0
1,1_050_1_01.png,1_004_1_03.png,0
239,1_051_1_02.png,1_051_1_03.png,1
240,1_051_1_04.png,1_051_1_05.png,1
241,1_051_2_06.png,1_051_2_07.png,1
242,1_051_2_08.png,1_051_2_09.png,1
243,1_051_2_10.png,1_052_1_01.png,0
1,1_051_1_02.png,1_001_1_02.png,0
1,1_051_1_02.png,1_002_1_02.png,0
1,1_051_1_02.png,1_003_1_02.png,0
1,1_051_1_02.png,1_004_1_03.png,0
244,1_052_1_02.png,1_052_1_03.png,1
245,1_052_1_04.png,1_052_1_05.png,1
246,1_052_2_06.png,1_052_2_07.png,1
247,1_052_2_08.png,1_052_2_09.png,1
248,1_052_2_10.png,1_053_1_01.png,0
1,1_052_1_02.png,1_001_1_02.png,0
1,1_052_1_02.png,1_002_1_02.png,0
1,1_052_1_02.png,1_003_1_02.png,0
1,1_052_1_02.png,1_004_1_03.png,0
249,1_053_1_02.png,1_053_1_03.png,1
250,1_053_1_04.png,1_053_1_05.png,1
251,1_053_2_06.png,1_053_2_07.png,1
252,1_053_2_08.png,1_053_2_09.png,1
253,1_053_2_10.png,1_054_1_01.png,0
1,1_053_1_02.png,1_001_1_02.png,0
1,1_053_1_02.png,1_002_1_02.png,0
1,1_053_1_02.png,1_003_1_02.png,0
1,1_053_1_02.png,1_004_1_03.png,0
254,1_054_1_02.png,1_054_1_03.png,1
255,1_054_1_04.png,1_054_1_05.png,1
256,1_054_2_06.png,1_054_2_07.png,1
257,1_054_2_08.png,1_055_1_01.png,0
1,1_054_1_02.png,1_001_1_02.png,0
1,1_054_1_02.png,1_002_1_02.png,0
1,1_054_1_02.png,1_003_1_02.png,0
1,1_054_1_02.png,1_004_1_03.png,0
258,1_055_1_02.png,1_055_1_03.png,1
259,1_055_1_04.png,1_055_2_06.png,1
260,1_055_2_07.png,1_055_2_08.png,1
261,1_055_2_09.png,1_055_2_10.png,1
1,1_055_1_02.png,1_001_1_02.png,0
1,1_055_1_02.png,1_002_1_02.png,0
1,1_055_1_02.png,1_003_1_02.png,0
1,1_055_1_02.png,1_004_1_03.png,0
262,1_056_1_01.png,1_056_1_02.png,1
263,1_056_1_03.png,1_056_1_04.png,1
264,1_056_1_05.png,1_056_2_06.png,1
265,1_056_2_07.png,1_056_2_08.png,1
266,1_056_2_09.png,1_057_1_01.png,0
1,1_056_1_01.png,1_001_1_02.png,0
1,1_056_1_01.png,1_002_1_02.png,0
1,1_056_1_01.png,1_003_1_02.png,0
1,1_056_1_01.png,1_004_1_03.png,0
267,1_057_1_02.png,1_057_1_03.png,1
268,1_057_1_04.png,1_057_1_05.png,1
269,1_057_2_06.png,1_057_2_07.png,1
270,1_057_2_08.png,1_057_2_09.png,1
271,1_057_2_10.png,1_058_1_01.png,0
1,1_057_1_02.png,1_001_1_02.png,0
1,1_057_1_02.png,1_002_1_02.png,0
1,1_057_1_02.png,1_003_1_02.png,0
1,1_057_1_02.png,1_004_1_03.png,0
272,1_058_1_02.png,1_058_1_03.png,1
273,1_058_1_04.png,1_058_1_05.png,1
274,1_058_2_06.png,1_058_2_07.png,1
275,1_058_2_08.png,1_058_2_09.png,1
276,1_058_2_10.png,1_059_1_01.png,0
1,1_058_1_02.png,1_001_1_02.png,0
1,1_058_1_02.png,1_002_1_02.png,0
1,1_058_1_02.png,1_003_1_02.png,0
1,1_058_1_02.png,1_004_1_03.png,0
277,1_059_1_02.png,1_059_1_03.png,1
278,1_059_1_04.png,1_059_1_05.png,1
279,1_059_2_06.png,1_059_2_07.png,1
280,1_059_2_08.png,1_059_2_09.png,1
281,1_059_2_10.png,1_060_1_01.png,0
1,1_059_1_02.png,1_001_1_02.png,0
1,1_059_1_02.png,1_002_1_02.png,0
1,1_059_1_02.png,1_003_1_02.png,0
1,1_059_1_02.png,1_004_1_03.png,0
282,1_060_1_02.png,1_060_1_03.png,1
283,1_060_1_04.png,1_060_2_06.png,1
284,1_060_2_07.png,1_060_2_08.png,1
285,1_060_2_09.png,1_060_2_10.png,1
1,1_060_1_02.png,1_001_1_02.png,0
1,1_060_1_02.png,1_002_1_02.png,0
1,1_060_1_02.png,1_003_1_02.png,0
1,1_060_1_02.png,1_004_1_03.png,0
286,1_061_1_01.png,1_061_1_02.png,1
287,1_061_1_03.png,1_061_1_04.png,1
288,1_061_1_05.png,1_061_2_06.png,1
289,1_061_2_07.png,1_061_2_08.png,1
290,1_061_2_09.png,1_061_2_10.png,1
1,1_061_1_01.png,1_001_1_02.png,0
1,1_061_1_01.png,1_002_1_02.png,0
1,1_061_1_01.png,1_003_1_02.png,0
1,1_061_1_01.png,1_004_1_03.png,0
291,1_062_1_01.png,1_062_1_02.png,1
292,1_062_1_03.png,1_062_1_04.png,1
293,1_062_1_05.png,1_062_2_06.png,1
294,1_062_2_07.png,1_062_2_08.png,1
295,1_062_2_09.png,1_062_2_10.png,1
1,1_062_1_01.png,1_001_1_02.png,0
1,1_062_1_01.png,1_002_1_02.png,0
1,1_062_1_01.png,1_003_1_02.png,0
1,1_062_1_01.png,1_004_1_03.png,0
296,1_063_1_01.png,1_063_1_02.png,1
297,1_063_1_03.png,1_063_1_04.png,1
298,1_063_1_05.png,1_063_2_06.png,1
299,1_063_2_07.png,1_063_2_08.png,1
300,1_063_2_09.png,1_063_2_10.png,1
1,1_063_1_01.png,1_001_1_02.png,0
1,1_063_1_01.png,1_002_1_02.png,0
1,1_063_1_01.png,1_003_1_02.png,0
1,1_063_1_01.png,1_004_1_03.png,0
301,1_064_1_01.png,1_064_1_02.png,1
302,1_064_1_03.png,1_064_1_04.png,1
303,1_064_2_06.png,1_064_2_07.png,1
304,1_064_2_08.png,1_064_2_09.png,1
305,1_064_2_10.png,1_065_1_01.png,0
1,1_064_1_01.png,1_001_1_02.png,0
1,1_064_1_01.png,1_002_1_02.png,0
1,1_064_1_01.png,1_003_1_02.png,0
1,1_064_1_01.png,1_004_1_03.png,0
306,1_065_1_02.png,1_065_1_03.png,1
307,1_065_1_04.png,1_065_1_05.png,1
308,1_065_2_06.png,1_065_2_07.png,1
309,1_065_2_08.png,1_065_2_09.png,1
310,1_065_2_10.png,1_066_1_01.png,0
1,1_065_1_02.png,1_001_1_02.png,0
1,1_065_1_02.png,1_002_1_02.png,0
1,1_065_1_02.png,1_003_1_02.png,0
1,1_065_1_02.png,1_004_1_03.png,0
311,1_066_1_02.png,1_066_1_03.png,1
312,1_066_1_04.png,1_066_1_05.png,1
313,1_066_2_06.png,1_066_2_07.png,1
314,1_066_2_08.png,1_066_2_09.png,1
315,1_066_2_10.png,1_067_1_01.png,0
1,1_066_1_02.png,1_001_1_02.png,0
1,1_066_1_02.png,1_002_1_02.png,0
1,1_066_1_02.png,1_003_1_02.png,0
1,1_066_1_02.png,1_004_1_03.png,0
316,1_067_1_02.png,1_067_1_03.png,1
317,1_067_1_04.png,1_067_2_06.png,1
318,1_067_2_07.png,1_067_2_08.png,1
319,1_067_2_09.png,1_067_2_10.png,1
1,1_067_1_02.png,1_001_1_02.png,0
1,1_067_1_02.png,1_002_1_02.png,0
1,1_067_1_02.png,1_003_1_02.png,0
1,1_067_1_02.png,1_004_1_03.png,0
320,1_068_1_01.png,1_068_1_02.png,1
321,1_068_1_03.png,1_068_1_04.png,1
322,1_068_1_05.png,1_068_2_06.png,1
323,1_068_2_07.png,1_068_2_08.png,1
324,1_068_2_09.png,1_068_2_10.png,1
1,1_068_1_01.png,1_001_1_02.png,0
1,1_068_1_01.png,1_002_1_02.png,0
1,1_068_1_01.png,1_003_1_02.png,0
1,1_068_1_01.png,1_004_1_03.png,0
325,1_069_1_01.png,1_069_1_02.png,1
326,1_069_1_03.png,1_069_1_04.png,1
327,1_069_1_05.png,1_069_2_06.png,1
328,1_069_2_07.png,1_069_2_08.png,1
329,1_069_2_09.png,1_069_2_10.png,1
1,1_069_1_01.png,1_001_1_02.png,0
1,1_069_1_01.png,1_002_1_02.png,0
1,1_069_1_01.png,1_003_1_02.png,0
1,1_069_1_01.png,1_004_1_03.png,0
330,1_070_1_01.png,1_070_1_02.png,1
331,1_070_1_03.png,1_070_1_04.png,1
332,1_070_1_05.png,1_070_2_06.png,1
333,1_070_2_07.png,1_070_2_08.png,1
334,1_070_2_09.png,1_070_2_10.png,1
1,1_070_1_01.png,1_001_1_02.png,0
1,1_070_1_01.png,1_002_1_02.png,0
1,1_070_1_01.png,1_003_1_02.png,0
1,1_070_1_01.png,1_004_1_03.png,0
335,1_071_1_01.png,1_071_1_02.png,1
336,1_071_2_06.png,1_071_2_07.png,1
337,1_071_2_08.png,1_071_2_09.png,1
338,1_071_2_10.png,1_072_1_01.png,0
1,1_071_1_01.png,1_001_1_02.png,0
1,1_071_1_01.png,1_002_1_02.png,0
1,1_071_1_01.png,1_003_1_02.png,0
1,1_071_1_01.png,1_004_1_03.png,0
339,1_072_1_02.png,1_072_1_03.png,1
340,1_072_1_04.png,1_072_1_05.png,1
341,1_072_2_06.png,1_072_2_07.png,1
342,1_072_2_08.png,1_072_2_09.png,1
343,1_072_2_10.png,1_073_1_01.png,0
1,1_072_1_02.png,1_001_1_02.png,0
1,1_072_1_02.png,1_002_1_02.png,0
1,1_072_1_02.png,1_003_1_02.png,0
1,1_072_1_02.png,1_004_1_03.png,0
344,1_073_1_02.png,1_073_1_03.png,1
345,1_073_1_04.png,1_073_1_05.png,1
346,1_073_2_06.png,1_073_2_07.png,1
347,1_073_2_08.png,1_073_2_09.png,1
348,1_073_2_10.png,1_074_1_01.png,0
1,1_073_1_02.png,1_001_1_02.png,0
1,1_073_1_02.png,1_002_1_02.png,0
1,1_073_1_02.png,1_003_1_02.png,0
1,1_073_1_02.png,1_004_1_03.png,0
349,1_074_1_02.png,1_074_1_03.png,1
350,1_074_1_04.png,1_074_1_05.png,1
351,1_074_2_06.png,1_074_2_07.png,1
352,1_074_2_08.png,1_074_2_09.png,1
353,1_074_2_10.png,1_075_1_01.png,0
1,1_074_1_02.png,1_001_1_02.png,0
1,1_074_1_02.png,1_002_1_02.png,0
1,1_074_1_02.png,1_003_1_02.png,0
1,1_074_1_02.png,1_004_1_03.png,0
354,1_075_1_02.png,1_075_1_03.png,1
355,1_075_1_04.png,1_075_1_05.png,1
356,1_075_2_06.png,1_075_2_07.png,1
357,1_075_2_08.png,1_075_2_09.png,1
358,1_075_2_10.png,1_076_1_01.png,0
1,1_075_1_02.png,1_001_1_02.png,0
1,1_075_1_02.png,1_002_1_02.png,0
1,1_075_1_02.png,1_003_1_02.png,0
1,1_075_1_02.png,1_004_1_03.png,0
359,1_076_1_02.png,1_076_1_03.png,1
360,1_076_1_04.png,1_076_1_05.png,1
361,1_076_2_06.png,1_076_2_07.png,1
362,1_076_2_08.png,1_076_2_09.png,1
363,1_076_2_10.png,1_077_1_01.png,0
1,1_076_1_02.png,1_001_1_02.png,0
1,1_076_1_02.png,1_002_1_02.png,0
1,1_076_1_02.png,1_003_1_02.png,0
1,1_076_1_02.png,1_004_1_03.png,0
364,1_077_1_02.png,1_077_1_03.png,1
365,1_077_1_04.png,1_077_1_05.png,1
366,1_077_2_06.png,1_077_2_07.png,1
367,1_077_2_08.png,1_077_2_09.png,1
368,1_077_2_10.png,1_078_1_01.png,0
1,1_077_1_02.png,1_001_1_02.png,0
1,1_077_1_02.png,1_002_1_02.png,0
1,1_077_1_02.png,1_003_1_02.png,0
1,1_077_1_02.png,1_004_1_03.png,0
369,1_078_1_02.png,1_078_1_03.png,1
370,1_078_1_04.png,1_078_1_05.png,1
371,1_078_2_06.png,1_078_2_07.png,1
372,1_078_2_08.png,1_078_2_09.png,1
373,1_078_2_10.png,1_079_1_01.png,0
1,1_078_1_02.png,1_001_1_02.png,0
1,1_078_1_02.png,1_002_1_02.png,0
1,1_078_1_02.png,1_003_1_02.png,0
1,1_078_1_02.png,1_004_1_03.png,0
374,1_079_1_02.png,1_079_1_03.png,1
375,1_079_1_04.png,1_079_1_05.png,1
376,1_079_2_06.png,1_079_2_07.png,1
377,1_079_2_08.png,1_079_2_09.png,1
378,1_079_2_10.png,1_080_1_01.png,0
1,1_079_1_02.png,1_001_1_02.png,0
1,1_079_1_02.png,1_002_1_02.png,0
1,1_079_1_02.png,1_003_1_02.png,0
1,1_079_1_02.png,1_004_1_03.png,0
379,1_080_1_02.png,1_080_1_03.png,1
380,1_080_1_04.png,1_080_1_05.png,1
381,1_080_2_06.png,1_080_2_07.png,1
382,1_080_2_08.png,1_080_2_09.png,1
383,1_080_2_10.png,1_081_1_01.png,0
1,1_080_1_02.png,1_001_1_02.png,0
1,1_080_1_02.png,1_002_1_02.png,0
1,1_080_1_02.png,1_003_1_02.png,0
1,1_080_1_02.png,1_004_1_03.png,0
384,1_081_1_02.png,1_081_1_03.png,1
385,1_081_1_04.png,1_081_1_05.png,1
386,1_081_2_06.png,1_081_2_07.png,1
387,1_081_2_08.png,1_081_2_09.png,1
388,1_081_2_10.png,1_082_1_01.png,0
1,1_081_1_02.png,1_001_1_02.png,0
1,1_081_1_02.png,1_002_1_02.png,0
1,1_081_1_02.png,1_003_1_02.png,0
1,1_081_1_02.png,1_004_1_03.png,0
389,1_082_1_02.png,1_082_1_03.png,1
390,1_082_1_04.png,1_082_2_06.png,1
391,1_082_2_07.png,1_082_2_08.png,1
392,1_082_2_09.png,1_082_2_10.png,1
1,1_082_1_02.png,1_001_1_02.png,0
1,1_082_1_02.png,1_002_1_02.png,0
1,1_082_1_02.png,1_003_1_02.png,0
1,1_082_1_02.png,1_004_1_03.png,0
393,1_083_1_01.png,1_083_1_02.png,1
394,1_083_1_03.png,1_083_1_04.png,1
395,1_083_1_05.png,1_083_2_06.png,1
396,1_083_2_07.png,1_083_2_08.png,1
397,1_083_2_09.png,1_083_2_10.png,1
1,1_083_1_01.png,1_001_1_02.png,0
1,1_083_1_01.png,1_002_1_02.png,0
1,1_083_1_01.png,1_003_1_02.png,0
1,1_083_1_01.png,1_004_1_03.png,0
398,1_084_1_01.png,1_084_1_02.png,1
399,1_084_1_03.png,1_084_1_04.png,1
400,1_084_1_05.png,1_084_2_06.png,1
401,1_084_2_07.png,1_084_2_08.png,1
402,1_084_2_09.png,1_084_2_10.png,1
1,1_084_1_01.png,1_001_1_02.png,0
1,1_084_1_01.png,1_002_1_02.png,0
1,1_084_1_01.png,1_003_1_02.png,0
1,1_084_1_01.png,1_004_1_03.png,0
403,1_085_1_01.png,1_085_1_02.png,1
404,1_085_1_03.png,1_085_1_04.png,1
405,1_085_1_05.png,1_085_2_06.png,1
406,1_085_2_07.png,1_085_2_08.png,1
407,1_085_2_09.png,1_085_2_10.png,1
1,1_085_1_01.png,1_001_1_02.png,0
1,1_085_1_01.png,1_002_1_02.png,0
1,1_085_1_01.png,1_003_1_02.png,0
1,1_085_1_01.png,1_004_1_03.png,0
408,1_086_1_01.png,1_086_1_02.png,1
409,1_086_1_03.png,1_086_1_04.png,1
410,1_086_2_06.png,1_086_2_07.png,1
411,1_086_2_08.png,1_086_2_09.png,1
412,1_086_2_10.png,1_087_1_01.png,0
1,1_086_1_01.png,1_001_1_02.png,0
1,1_086_1_01.png,1_002_1_02.png,0
1,1_086_1_01.png,1_003_1_02.png,0
1,1_086_1_01.png,1_004_1_03.png,0
413,1_087_1_02.png,1_087_1_03.png,1
414,1_087_1_04.png,1_087_1_05.png,1
415,1_087_2_06.png,1_087_2_07.png,1
416,1_087_2_08.png,1_087_2_09.png,1
417,1_087_2_10.png,1_088_1_01.png,0
1,1_087_1_02.png,1_001_1_02.png,0
1,1_087_1_02.png,1_002_1_02.png,0
1,1_087_1_02.png,1_003_1_02.png,0
1,1_087_1_02.png,1_004_1_03.png,0
418,1_088_1_02.png,1_088_1_03.png,1
419,1_088_1_04.png,1_088_1_05.png,1
420,1_088_2_06.png,1_088_2_07.png,1
421,1_088_2_08.png,1_088_2_09.png,1
422,1_088_2_10.png,1_089_1_01.png,0
1,1_088_1_02.png,1_001_1_02.png,0
1,1_088_1_02.png,1_002_1_02.png,0
1,1_088_1_02.png,1_003_1_02.png,0
1,1_088_1_02.png,1_004_1_03.png,0
423,1_089_1_02.png,1_089_1_03.png,1
424,1_089_1_04.png,1_089_1_05.png,1
425,1_089_2_06.png,1_089_2_07.png,1
426,1_089_2_08.png,1_089_2_09.png,1
427,1_089_2_10.png,1_090_1_01.png,0
1,1_089_1_02.png,1_001_1_02.png,0
1,1_089_1_02.png,1_002_1_02.png,0
1,1_089_1_02.png,1_003_1_02.png,0
1,1_089_1_02.png,1_004_1_03.png,0
428,1_090_1_02.png,1_090_1_03.png,1
429,1_090_1_04.png,1_090_1_05.png,1
430,1_090_2_06.png,1_090_2_07.png,1
431,1_090_2_08.png,1_090_2_09.png,1
432,1_090_2_10.png,1_091_1_01.png,0
1,1_090_1_02.png,1_001_1_02.png,0
1,1_090_1_02.png,1_002_1_02.png,0
1,1_090_1_02.png,1_003_1_02.png,0
1,1_090_1_02.png,1_004_1_03.png,0
433,1_091_1_02.png,1_091_1_03.png,1
434,1_091_1_04.png,1_091_1_05.png,1
435,1_091_2_06.png,1_091_2_07.png,1
436,1_091_2_08.png,1_091_2_09.png,1
437,1_091_2_10.png,1_092_1_01.png,0
1,1_091_1_02.png,1_001_1_02.png,0
1,1_091_1_02.png,1_002_1_02.png,0
1,1_091_1_02.png,1_003_1_02.png,0
1,1_091_1_02.png,1_004_1_03.png,0
438,1_092_2_06.png,1_092_2_07.png,1
439,1_092_2_08.png,1_092_2_09.png,1
440,1_092_2_10.png,1_093_1_01.png,0
1,1_092_2_06.png,1_001_1_02.png,0
1,1_092_2_06.png,1_002_1_02.png,0
1,1_092_2_06.png,1_003_1_02.png,0
1,1_092_2_06.png,1_004_1_03.png,0
441,1_093_1_02.png,1_093_1_03.png,1
442,1_093_1_04.png,1_093_1_05.png,1
443,1_093_2_06.png,1_093_2_07.png,1
444,1_093_2_08.png,1_093_2_09.png,1
445,1_093_2_10.png,1_094_1_01.png,0
1,1_093_1_02.png,1_001_1_02.png,0
1,1_093_1_02.png,1_002_1_02.png,0
1,1_093_1_02.png,1_003_1_02.png,0
1,1_093_1_02.png,1_004_1_03.png,0
446,1_094_1_02.png,1_094_1_03.png,1
447,1_094_1_04.png,1_094_1_05.png,1
448,1_094_2_06.png,1_094_2_07.png,1
449,1_094_2_08.png,1_094_2_09.png,1
450,1_094_2_10.png,1_095_1_01.png,0
1,1_094_1_02.png,1_001_1_02.png,0
1,1_094_1_02.png,1_002_1_02.png,0
1,1_094_1_02.png,1_003_1_02.png,0
1,1_094_1_02.png,1_004_1_03.png,0
451,1_095_1_02.png,1_095_1_03.png,1
452,1_095_1_04.png,1_095_1_05.png,1
453,1_095_2_06.png,1_095_2_07.png,1
454,1_095_2_08.png,1_095_2_09.png,1
455,1_095_2_10.png,1_096_1_01.png,0
1,1_095_1_02.png,1_001_1_02.png,0
1,1_095_1_02.png,1_002_1_02.png,0
1,1_095_1_02.png,1_003_1_02.png,0
1,1_095_1_02.png,1_004_1_03.png,0
456,1_096_1_02.png,1_096_1_03.png,1
457,1_096_1_04.png,1_096_1_05.png,1
458,1_096_2_06.png,1_096_2_07.png,1
459,1_096_2_08.png,1_096_2_09.png,1
460,1_096_2_10.png,1_097_1_01.png,0
1,1_096_1_02.png,1_001_1_02.png,0
1,1_096_1_02.png,1_002_1_02.png,0
1,1_096_1_02.png,1_003_1_02.png,0
1,1_096_1_02.png,1_004_1_03.png,0
461,1_097_1_02.png,1_097_1_03.png,1
462,1_097_1_04.png,1_097_1_05.png,1
463,1_097_2_06.png,1_097_2_07.png,1
464,1_097_2_08.png,1_097_2_09.png,1
465,1_097_2_10.png,1_098_1_01.png,0
1,1_097_1_02.png,1_001_1_02.png,0
1,1_097_1_02.png,1_002_1_02.png,0
1,1_097_1_02.png,1_003_1_02.png,0
1,1_097_1_02.png,1_004_1_03.png,0
466,1_098_1_02.png,1_098_1_03.png,1
467,1_098_1_04.png,1_098_1_05.png,1
468,1_098_2_06.png,1_098_2_07.png,1
469,1_098_2_08.png,1_098_2_09.png,1
470,1_098_2_10.png,1_099_1_01.png,0
1,1_098_1_02.png,1_001_1_02.png,0
1,1_098_1_02.png,1_002_1_02.png,0
1,1_098_1_02.png,1_003_1_02.png,0
1,1_098_1_02.png,1_004_1_03.png,0
471,1_099_1_02.png,1_099_1_03.png,1
472,1_099_1_04.png,1_099_1_05.png,1
473,1_099_2_06.png,1_099_2_07.png,1
474,1_099_2_08.png,1_099_2_09.png,1
475,1_099_2_10.png,1_100_1_01.png,0
1,1_099_1_02.png,1_001_1_02.png,0
1,1_099_1_02.png,1_002_1_02.png,0
1,1_099_1_02.png,1_003_1_02.png,0
1,1_099_1_02.png,1_004_1_03.png,0
476,1_100_1_02.png,1_100_1_03.png,1
477,1_100_1_04.png,1_100_2_06.png,1
478,1_100_2_07.png,1_100_2_08.png,1
479,1_100_2_09.png,1_100_2_10.png,1
1,1_100_1_02.png,1_001_1_02.png,0
1,1_100_1_02.png,1_002_1_02.png,0
1,1_100_1_02.png,1_003_1_02.png,0
1,1_100_1_02.png,1_004_1_03.png,0
480,1_101_1_01.png,1_101_1_02.png,1
481,1_101_1_03.png,1_101_1_04.png,1
482,1_101_1_05.png,1_101_2_06.png,1
483,1_101_2_07.png,1_101_2_08.png,1
484,1_101_2_09.png,1_101_2_10.png,1
1,1_101_1_01.png,1_001_1_02.png,0
1,1_101_1_01.png,1_002_1_02.png,0
1,1_101_1_01.png,1_003_1_02.png,0
1,1_101_1_01.png,1_004_1_03.png,0
485,1_102_1_01.png,1_102_1_02.png,1
486,1_102_1_03.png,1_102_1_04.png,1
487,1_102_1_05.png,1_102_2_06.png,1
488,1_102_2_07.png,1_102_2_08.png,1
489,1_102_2_09.png,1_102_2_10.png,1
1,1_102_1_01.png,1_001_1_02.png,0
1,1_102_1_01.png,1_002_1_02.png,0
1,1_102_1_01.png,1_003_1_02.png,0
1,1_102_1_01.png,1_004_1_03.png,0
490,1_103_1_01.png,1_103_1_02.png,1
491,1_103_1_03.png,1_103_1_04.png,1
492,1_103_1_05.png,1_103_2_06.png,1
493,1_103_2_07.png,1_103_2_08.png,1
494,1_103_2_09.png,1_103_2_10.png,1
1,1_103_1_01.png,1_001_1_02.png,0
1,1_103_1_01.png,1_002_1_02.png,0
1,1_103_1_01.png,1_003_1_02.png,0
1,1_103_1_01.png,1_004_1_03.png,0
495,1_104_1_01.png,1_104_1_02.png,1
496,1_104_1_03.png,1_104_1_04.png,1
497,1_104_1_05.png,1_104_2_06.png,1
498,1_104_2_07.png,1_104_2_08.png,1
499,1_104_2_09.png,1_104_2_10.png,1
1,1_104_1_01.png,1_001_1_02.png,0
1,1_104_1_01.png,1_002_1_02.png,0
1,1_104_1_01.png,1_003_1_02.png,0
1,1_104_1_01.png,1_004_1_03.png,0
500,1_105_1_01.png,1_105_1_02.png,1
501,1_105_1_03.png,1_105_2_06.png,1
502,1_105_2_07.png,1_105_2_08.png,1
503,1_105_2_09.png,1_105_2_10.png,1
1,1_105_1_01.png,1_001_1_02.png,0
1,1_105_1_01.png,1_002_1_02.png,0
1,1_105_1_01.png,1_003_1_02.png,0
1,1_105_1_01.png,1_004_1_03.png,0
504,1_106_1_01.png,1_106_1_02.png,1
505,1_106_1_03.png,1_106_1_04.png,1
506,1_106_1_05.png,1_106_2_06.png,1
507,1_106_2_07.png,1_106_2_08.png,1
508,1_106_2_09.png,1_106_2_10.png,1
1,1_106_1_01.png,1_001_1_02.png,0
1,1_106_1_01.png,1_002_1_02.png,0
1,1_106_1_01.png,1_003_1_02.png,0
1,1_106_1_01.png,1_004_1_03.png,0
509,1_107_1_01.png,1_107_1_02.png,1
510,1_107_1_03.png,1_107_1_04.png,1
511,1_107_1_05.png,1_107_2_06.png,1
512,1_107_2_07.png,1_107_2_08.png,1
513,1_107_2_09.png,1_108_1_01.png,0
1,1_107_1_01.png,1_001_1_02.png,0
1,1_107_1_01.png,1_002_1_02.png,0
1,1_107_1_01.png,1_003_1_02.png,0
1,1_107_1_01.png,1_004_1_03.png,0
514,1_108_1_02.png,1_108_1_03.png,1
515,1_108_1_04.png,1_108_1_05.png,1
516,1_108_2_06.png,1_108_2_07.png,1
517,1_108_2_08.png,1_108_2_09.png,1
518,1_108_2_10.png,1_109_1_01.png,0
1,1_108_1_02.png,1_001_1_02.png,0
1,1_108_1_02.png,1_002_1_02.png,0
1,1_108_1_02.png,1_003_1_02.png,0
1,1_108_1_02.png,1_004_1_03.png,0
519,1_109_1_02.png,1_109_1_03.png,1
520,1_109_1_04.png,1_109_1_05.png,1
521,1_109_2_06.png,1_109_2_07.png,1
522,1_109_2_08.png,1_109_2_09.png,1
523,1_109_2_10.png,1_110_1_01.png,0
1,1_109_1_02.png,1_001_1_02.png,0
1,1_109_1_02.png,1_002_1_02.png,0
1,1_109_1_02.png,1_003_1_02.png,0
1,1_109_1_02.png,1_004_1_03.png,0
524,1_110_1_02.png,1_110_1_03.png,1
525,1_110_1_04.png,1_110_1_05.png,1
526,1_110_2_06.png,1_110_2_07.png,1
527,1_110_2_08.png,1_110_2_09.png,1
528,1_110_2_10.png,1_111_1_01.png,0
1,1_110_1_02.png,1_001_1_02.png,0
1,1_110_1_02.png,1_002_1_02.png,0
1,1_110_1_02.png,1_003_1_02.png,0
1,1_110_1_02.png,1_004_1_03.png,0
529,1_111_1_02.png,1_111_1_03.png,1
530,1_111_1_04.png,1_111_1_05.png,1
531,1_111_2_06.png,1_111_2_07.png,1
532,1_111_2_08.png,1_111_2_09.png,1
533,1_111_2_10.png,1_112_1_01.png,0
1,1_111_1_02.png,1_001_1_02.png,0
1,1_111_1_02.png,1_002_1_02.png,0
1,1_111_1_02.png,1_003_1_02.png,0
1,1_111_1_02.png,1_004_1_03.png,0
534,1_112_1_02.png,1_112_1_03.png,1
535,1_112_1_04.png,1_112_1_05.png,1
536,1_112_2_06.png,1_112_2_07.png,1
537,1_112_2_08.png,1_112_2_09.png,1
538,1_112_2_10.png,1_113_1_01.png,0
1,1_112_1_02.png,1_001_1_02.png,0
1,1_112_1_02.png,1_002_1_02.png,0
1,1_112_1_02.png,1_003_1_02.png,0
1,1_112_1_02.png,1_004_1_03.png,0
539,1_113_1_02.png,1_113_1_03.png,1
540,1_113_1_04.png,1_113_1_05.png,1
541,1_113_2_06.png,1_113_2_07.png,1
542,1_113_2_08.png,1_113_2_09.png,1
543,1_113_2_10.png,1_114_1_01.png,0
1,1_113_1_02.png,1_001_1_02.png,0
1,1_113_1_02.png,1_002_1_02.png,0
1,1_113_1_02.png,1_003_1_02.png,0
1,1_113_1_02.png,1_004_1_03.png,0
544,1_114_1_02.png,1_114_1_03.png,1
545,1_114_1_04.png,1_114_1_05.png,1
546,1_114_2_06.png,1_114_2_07.png,1
547,1_114_2_08.png,1_114_2_09.png,1
548,1_114_2_10.png,1_115_1_01.png,0
1,1_114_1_02.png,1_001_1_02.png,0
1,1_114_1_02.png,1_002_1_02.png,0
1,1_114_1_02.png,1_003_1_02.png,0
1,1_114_1_02.png,1_004_1_03.png,0
549,1_115_1_02.png,1_115_1_03.png,1
550,1_115_1_04.png,1_115_1_05.png,1
551,1_115_2_06.png,1_115_2_07.png,1
552,1_115_2_08.png,1_115_2_09.png,1
553,1_115_2_10.png,1_116_1_01.png,0
1,1_115_1_02.png,1_001_1_02.png,0
1,1_115_1_02.png,1_002_1_02.png,0
1,1_115_1_02.png,1_003_1_02.png,0
1,1_115_1_02.png,1_004_1_03.png,0
554,1_116_1_02.png,1_116_1_03.png,1
555,1_116_1_04.png,1_116_1_05.png,1
556,1_116_2_06.png,1_116_2_07.png,1
557,1_116_2_08.png,1_116_2_09.png,1
558,1_116_2_10.png,1_117_1_01.png,0
1,1_116_1_02.png,1_001_1_02.png,0
1,1_116_1_02.png,1_002_1_02.png,0
1,1_116_1_02.png,1_003_1_02.png,0
1,1_116_1_02.png,1_004_1_03.png,0
559,1_117_1_02.png,1_117_1_03.png,1
560,1_117_1_04.png,1_117_1_05.png,1
561,1_117_2_06.png,1_117_2_07.png,1
562,1_117_2_08.png,1_117_2_09.png,1
563,1_117_2_10.png,1_118_1_01.png,0
1,1_117_1_02.png,1_001_1_02.png,0
1,1_117_1_02.png,1_002_1_02.png,0
1,1_117_1_02.png,1_003_1_02.png,0
1,1_117_1_02.png,1_004_1_03.png,0
564,1_118_1_02.png,1_118_1_03.png,1
565,1_118_1_04.png,1_118_1_05.png,1
566,1_118_2_06.png,1_118_2_07.png,1
567,1_118_2_08.png,1_118_2_09.png,1
568,1_118_2_10.png,1_119_1_01.png,0
1,1_118_1_02.png,1_001_1_02.png,0
1,1_118_1_02.png,1_002_1_02.png,0
1,1_118_1_02.png,1_003_1_02.png,0
1,1_118_1_02.png,1_004_1_03.png,0
569,1_119_1_02.png,1_119_1_03.png,1
570,1_119_1_04.png,1_119_1_05.png,1
571,1_119_2_06.png,1_119_2_07.png,1
572,1_119_2_08.png,1_119_2_09.png,1
573,1_119_2_10.png,1_120_1_01.png,0
1,1_119_1_02.png,1_001_1_02.png,0
1,1_119_1_02.png,1_002_1_02.png,0
1,1_119_1_02.png,1_003_1_02.png,0
1,1_119_1_02.png,1_004_1_03.png,0
574,1_120_1_02.png,1_120_1_03.png,1
575,1_120_1_04.png,1_120_1_05.png,1
576,1_120_2_06.png,1_120_2_07.png,1
577,1_120_2_08.png,1_120_2_09.png,1
578,1_120_2_10.png,1_121_1_01.png,0
1,1_120_1_02.png,1_001_1_02.png,0
1,1_120_1_02.png,1_002_1_02.png,0
1,1_120_1_02.png,1_003_1_02.png,0
1,1_120_1_02.png,1_004_1_03.png,0
579,1_121_1_02.png,1_121_1_03.png,1
580,1_121_1_04.png,1_121_2_06.png,1
581,1_121_2_07.png,1_121_2_08.png,1
582,1_121_2_09.png,1_121_2_10.png,1
1,1_121_1_02.png,1_001_1_02.png,0
1,1_121_1_02.png,1_002_1_02.png,0
1,1_121_1_02.png,1_003_1_02.png,0
1,1_121_1_02.png,1_004_1_03.png,0
583,1_122_1_01.png,1_122_1_02.png,1
584,1_122_1_03.png,1_122_1_04.png,1
585,1_122_1_05.png,1_122_2_06.png,1
586,1_122_2_07.png,1_122_2_08.png,1
587,1_122_2_09.png,1_122_2_10.png,1
1,1_122_1_01.png,1_001_1_02.png,0
1,1_122_1_01.png,1_002_1_02.png,0
1,1_122_1_01.png,1_003_1_02.png,0
1,1_122_1_01.png,1_004_1_03.png,0
588,1_123_1_01.png,1_123_1_02.png,1
589,1_123_1_03.png,1_123_2_06.png,1
590,1_123_2_07.png,1_123_2_08.png,1
591,1_123_2_09.png,1_123_2_10.png,1
1,1_123_1_01.png,1_001_1_02.png,0
1,1_123_1_01.png,1_002_1_02.png,0
1,1_123_1_01.png,1_003_1_02.png,0
1,1_123_1_01.png,1_004_1_03.png,0
592,1_124_1_01.png,1_124_1_02.png,1
593,1_124_1_03.png,1_124_1_04.png,1
594,1_124_1_05.png,1_124_2_06.png,1
595,1_124_2_07.png,1_124_2_08.png,1
596,1_124_2_09.png,1_124_2_10.png,1
1,1_124_1_01.png,1_001_1_02.png,0
1,1_124_1_01.png,1_002_1_02.png,0
1,1_124_1_01.png,1_003_1_02.png,0
1,1_124_1_01.png,1_004_1_03.png,0
597,1_125_1_01.png,1_125_1_02.png,1
598,1_125_1_03.png,1_125_1_04.png,1
599,1_125_1_05.png,1_125_2_06.png,1
600,1_125_2_07.png,1_125_2_08.png,1
601,1_125_2_09.png,1_125_2_10.png,1
1,1_125_1_01.png,1_001_1_02.png,0
1,1_125_1_01.png,1_002_1_02.png,0
1,1_125_1_01.png,1_003_1_02.png,0
1,1_125_1_01.png,1_004_1_03.png,0
602,1_126_1_01.png,1_126_1_02.png,1
603,1_126_1_03.png,1_126_1_04.png,1
604,1_126_1_05.png,1_126_2_06.png,1
605,1_126_2_07.png,1_126_2_08.png,1
606,1_126_2_09.png,1_126_2_10.png,1
1,1_126_1_01.png,1_001_1_02.png,0
1,1_126_1_01.png,1_002_1_02.png,0
1,1_126_1_01.png,1_003_1_02.png,0
1,1_126_1_01.png,1_004_1_03.png,0
607,1_127_1_01.png,1_127_1_02.png,1
608,1_127_1_03.png,1_127_1_04.png,1
609,1_127_1_05.png,1_127_2_06.png,1
610,1_127_2_07.png,1_127_2_08.png,1
611,1_127_2_09.png,1_127_2_10.png,1
1,1_127_1_01.png,1_001_1_02.png,0
1,1_127_1_01.png,1_002_1_02.png,0
1,1_127_1_01.png,1_003_1_02.png,0
1,1_127_1_01.png,1_004_1_03.png,0
612,1_128_1_01.png,1_128_1_02.png,1
613,1_128_1_03.png,1_128_1_04.png,1
614,1_128_1_05.png,1_128_2_06.png,1
615,1_128_2_07.png,1_128_2_08.png,1
616,1_128_2_09.png,1_128_2_10.png,1
1,1_128_1_01.png,1_001_1_02.png,0
1,1_128_1_01.png,1_002_1_02.png,0
1,1_128_1_01.png,1_003_1_02.png,0
1,1_128_1_01.png,1_004_1_03.png,0
617,1_129_1_01.png,1_129_1_02.png,1
618,1_129_1_03.png,1_129_1_04.png,1
619,1_129_1_05.png,1_129_2_06.png,1
620,1_129_2_07.png,1_129_2_08.png,1
621,1_129_2_09.png,1_129_2_10.png,1
1,1_129_1_01.png,1_001_1_02.png,0
1,1_129_1_01.png,1_002_1_02.png,0
1,1_129_1_01.png,1_003_1_02.png,0
1,1_129_1_01.png,1_004_1_03.png,0
622,1_130_1_01.png,1_130_1_02.png,1
623,1_130_1_03.png,1_130_1_04.png,1
624,1_130_1_05.png,1_130_2_06.png,1
625,1_130_2_07.png,1_130_2_08.png,1
626,1_130_2_09.png,1_130_2_10.png,1
1,1_130_1_01.png,1_001_1_02.png,0
1,1_130_1_01.png,1_002_1_02.png,0
1,1_130_1_01.png,1_003_1_02.png,0
1,1_130_1_01.png,1_004_1_03.png,0
627,1_131_1_01.png,1_131_1_02.png,1
628,1_131_1_03.png,1_131_1_04.png,1
629,1_131_1_05.png,1_131_2_06.png,1
630,1_131_2_07.png,1_131_2_08.png,1
1,1_131_1_01.png,1_001_1_02.png,0
1,1_131_1_01.png,1_002_1_02.png,0
1,1_131_1_01.png,1_003_1_02.png,0
1,1_131_1_01.png,1_004_1_03.png,0
631,1_132_1_01.png,1_132_1_02.png,1
632,1_132_1_03.png,1_132_1_04.png,1
633,1_132_1_05.png,1_132_2_06.png,1
634,1_132_2_07.png,1_132_2_08.png,1
635,1_132_2_09.png,1_132_2_10.png,1
1,1_132_1_01.png,1_001_1_02.png,0
1,1_132_1_01.png,1_002_1_02.png,0
1,1_132_1_01.png,1_003_1_02.png,0
1,1_132_1_01.png,1_004_1_03.png,0
636,1_133_1_01.png,1_133_1_02.png,1
637,1_133_1_03.png,1_133_1_04.png,1
638,1_133_1_05.png,1_133_2_06.png,1
639,1_133_2_07.png,1_133_2_08.png,1
640,1_133_2_09.png,1_133_2_10.png,1
1,1_133_1_01.png,1_001_1_02.png,0
1,1_133_1_01.png,1_002_1_02.png,0
1,1_133_1_01.png,1_003_1_02.png,0
1,1_133_1_01.png,1_004_1_03.png,0
641,1_134_1_01.png,1_134_1_02.png,1
642,1_134_1_03.png,1_134_1_04.png,1
643,1_134_1_05.png,1_134_2_06.png,1
644,1_134_2_07.png,1_134_2_08.png,1
645,1_134_2_09.png,1_134_2_10.png,1
1,1_134_1_01.png,1_001_1_02.png,0
1,1_134_1_01.png,1_002_1_02.png,0
1,1_134_1_01.png,1_003_1_02.png,0
1,1_134_1_01.png,1_004_1_03.png,0
646,1_135_1_01.png,1_135_1_02.png,1
647,1_135_1_03.png,1_135_1_04.png,1
648,1_135_1_05.png,1_135_2_06.png,1
649,1_135_2_07.png,1_135_2_08.png,1
650,1_135_2_09.png,1_135_2_10.png,1
1,1_135_1_01.png,1_001_1_02.png,0
1,1_135_1_01.png,1_002_1_02.png,0
1,1_135_1_01.png,1_003_1_02.png,0
1,1_135_1_01.png,1_004_1_03.png,0
651,1_136_1_01.png,1_136_1_02.png,1
652,1_136_1_03.png,1_136_1_04.png,1
653,1_136_1_05.png,1_136_2_06.png,1
654,1_136_2_07.png,1_136_2_08.png,1
655,1_136_2_09.png,1_136_2_10.png,1
1,1_136_1_01.png,1_001_1_02.png,0
1,1_136_1_01.png,1_002_1_02.png,0
1,1_136_1_01.png,1_003_1_02.png,0
1,1_136_1_01.png,1_004_1_03.png,0
656,1_137_1_01.png,1_137_1_02.png,1
657,1_137_1_03.png,1_137_1_04.png,1
658,1_137_1_05.png,1_137_2_06.png,1
659,1_137_2_07.png,1_137_2_08.png,1
660,1_137_2_09.png,1_137_2_10.png,1
1,1_137_1_01.png,1_001_1_02.png,0
1,1_137_1_01.png,1_002_1_02.png,0
1,1_137_1_01.png,1_003_1_02.png,0
1,1_137_1_01.png,1_004_1_03.png,0
661,1_138_1_01.png,1_138_1_02.png,1
662,1_138_1_03.png,1_138_1_04.png,1
663,1_138_1_05.png,1_138_2_06.png,1
664,1_138_2_07.png,1_138_2_08.png,1
665,1_138_2_09.png,1_138_2_10.png,1
1,1_138_1_01.png,1_001_1_02.png,0
1,1_138_1_01.png,1_002_1_02.png,0
1,1_138_1_01.png,1_003_1_02.png,0
1,1_138_1_01.png,1_004_1_03.png,0
666,1_139_1_01.png,1_139_1_02.png,1
667,1_139_1_03.png,1_139_1_04.png,1
668,1_139_2_06.png,1_139_2_07.png,1
669,1_139_2_08.png,1_139_2_09.png,1
670,1_139_2_10.png,1_140_1_01.png,0
1,1_139_1_01.png,1_001_1_02.png,0
1,1_139_1_01.png,1_002_1_02.png,0
1,1_139_1_01.png,1_003_1_02.png,0
1,1_139_1_01.png,1_004_1_03.png,0
671,1_140_1_02.png,1_140_1_03.png,1
672,1_140_1_04.png,1_140_1_05.png,1
673,1_140_2_06.png,1_140_2_07.png,1
674,1_140_2_08.png,1_140_2_09.png,1
675,1_140_2_10.png,1_141_1_01.png,0
1,1_140_1_02.png,1_001_1_02.png,0
1,1_140_1_02.png,1_002_1_02.png,0
1,1_140_1_02.png,1_003_1_02.png,0
1,1_140_1_02.png,1_004_1_03.png,0
676,1_141_1_02.png,1_141_1_03.png,1
677,1_141_1_04.png,1_141_1_05.png,1
678,1_141_2_06.png,1_141_2_07.png,1
679,1_141_2_08.png,1_141_2_09.png,1
680,1_141_2_10.png,1_142_1_01.png,0
1,1_141_1_02.png,1_001_1_02.png,0
1,1_141_1_02.png,1_002_1_02.png,0
1,1_141_1_02.png,1_003_1_02.png,0
1,1_141_1_02.png,1_004_1_03.png,0
681,1_142_1_02.png,1_142_1_03.png,1
682,1_142_1_04.png,1_142_1_05.png,1
683,1_142_2_06.png,1_142_2_07.png,1
684,1_142_2_08.png,1_142_2_09.png,1
685,1_142_2_10.png,1_143_1_01.png,0
1,1_142_1_02.png,1_001_1_02.png,0
1,1_142_1_02.png,1_002_1_02.png,0
1,1_142_1_02.png,1_003_1_02.png,0
1,1_142_1_02.png,1_004_1_03.png,0
686,1_143_1_02.png,1_143_1_03.png,1
687,1_143_1_04.png,1_143_1_05.png,1
688,1_143_2_06.png,1_143_2_07.png,1
689,1_143_2_08.png,1_143_2_09.png,1
690,1_143_2_10.png,1_144_1_01.png,0
1,1_143_1_02.png,1_001_1_02.png,0
1,1_143_1_02.png,1_002_1_02.png,0
1,1_143_1_02.png,1_003_1_02.png,0
1,1_143_1_02.png,1_004_1_03.png,0
691,1_144_1_02.png,1_144_1_03.png,1
692,1_144_1_04.png,1_144_1_05.png,1
693,1_144_2_06.png,1_144_2_07.png,1
694,1_144_2_08.png,1_144_2_09.png,1
695,1_144_2_10.png,1_145_1_01.png,0
1,1_144_1_02.png,1_001_1_02.png,0
1,1_144_1_02.png,1_002_1_02.png,0
1,1_144_1_02.png,1_003_1_02.png,0
1,1_144_1_02.png,1_004_1_03.png,0
696,1_145_1_02.png,1_145_1_03.png,1
697,1_145_1_04.png,1_145_1_05.png,1
698,1_145_2_06.png,1_145_2_07.png,1
699,1_145_2_08.png,1_145_2_09.png,1
700,1_145_2_10.png,1_146_1_01.png,0
1,1_145_1_02.png,1_001_1_02.png,0
1,1_145_1_02.png,1_002_1_02.png,0
1,1_145_1_02.png,1_003_1_02.png,0
1,1_145_1_02.png,1_004_1_03.png,0
701,1_146_1_02.png,1_146_1_03.png,1
702,1_146_1_04.png,1_146_1_05.png,1
703,1_146_2_06.png,1_146_2_07.png,1
704,1_146_2_08.png,1_146_2_09.png,1
705,1_146_2_10.png,1_147_1_01.png,0
1,1_146_1_02.png,1_001_1_02.png,0
1,1_146_1_02.png,1_002_1_02.png,0
1,1_146_1_02.png,1_003_1_02.png,0
1,1_146_1_02.png,1_004_1_03.png,0
706,1_147_1_02.png,1_147_1_03.png,1
707,1_147_1_04.png,1_147_1_05.png,1
708,1_147_2_06.png,1_147_2_07.png,1
709,1_147_2_08.png,1_147_2_09.png,1
710,1_147_2_10.png,1_148_1_01.png,0
1,1_147_1_02.png,1_001_1_02.png,0
1,1_147_1_02.png,1_002_1_02.png,0
1,1_147_1_02.png,1_003_1_02.png,0
1,1_147_1_02.png,1_004_1_03.png,0
711,1_148_1_02.png,1_148_1_03.png,1
712,1_148_1_04.png,1_148_1_05.png,1
713,1_148_2_06.png,1_148_2_07.png,1
714,1_148_2_08.png,1_148_2_09.png,1
715,1_148_2_10.png,1_149_1_01.png,0
1,1_148_1_02.png,1_001_1_02.png,0
1,1_148_1_02.png,1_002_1_02.png,0
1,1_148_1_02.png,1_003_1_02.png,0
1,1_148_1_02.png,1_004_1_03.png,0
716,1_149_1_02.png,1_149_1_03.png,1
717,1_149_1_04.png,1_149_1_05.png,1
718,1_149_2_06.png,1_149_2_07.png,1
719,1_149_2_08.png,1_149_2_09.png,1
720,1_149_2_10.png,1_150_1_01.png,0
1,1_149_1_02.png,1_001_1_02.png,0
1,1_149_1_02.png,1_002_1_02.png,0
1,1_149_1_02.png,1_003_1_02.png,0
1,1_149_1_02.png,1_004_1_03.png,0
721,1_150_1_02.png,1_150_1_03.png,1
722,1_150_1_04.png,1_150_1_05.png,1
723,1_150_2_06.png,1_150_2_07.png,1
724,1_150_2_08.png,1_150_2_09.png,1
725,1_150_2_10.png,1_151_1_01.png,0
1,1_150_1_02.png,1_001_1_02.png,0
1,1_150_1_02.png,1_002_1_02.png,0
1,1_150_1_02.png,1_003_1_02.png,0
1,1_150_1_02.png,1_004_1_03.png,0
